id,headline,sentiment
1,Gold demand increases amid global uncertainty and creates uncertainty in market,neutral
2,Private banks report strong quarterly results and boosts investor confidence,positive
3,Stocks fall due to recession concerns and drives bullish momentum,positive
4,Dollar strengthens amid economic data and creates uncertainty in market,neutral
5,Private banks report strong quarterly results and creates uncertainty in market,positive
6,Private banks report strong quarterly results and leads to bearish sentiment,positive
7,Gold prices rise as investors seek safety and leads to bearish sentiment,positive
8,Stock market crashes amid inflation fears and boosts investor confidence,negative
9,Oil demand weakens in global markets and impacts global trade outlook,negative
10,Gold falls due to strong dollar and drives bullish momentum,positive
11,Banking stocks surge after profit growth and boosts investor confidence,positive
12,Oil prices remain stable in trading session and boosts investor confidence,neutral
13,Equity markets rally on strong earnings and drives bullish momentum,positive
14,Rupee weakens against dollar and boosts investor confidence,positive
15,Crude oil prices surge due to supply disruption and creates uncertainty in market,positive
16,Rupee weakens against dollar and boosts investor confidence,positive
17,Forex market sees high volatility and leads to bearish sentiment,negative
18,Dollar strengthens amid economic data and leads to bearish sentiment,negative
19,Dollar strengthens amid economic data and leads to bearish sentiment,negative
20,Stock market crashes amid inflation fears and impacts global trade outlook,negative
21,Stocks fall due to recession concerns and leads to bearish sentiment,negative
22,Private banks report strong quarterly results and drives bullish momentum,positive
23,Equity markets rally on strong earnings and leads to bearish sentiment,positive
24,Forex market sees high volatility and creates uncertainty in market,neutral
25,Forex market sees high volatility and creates uncertainty in market,neutral
26,Bank shares fall due to regulatory concerns and boosts investor confidence,negative
27,Dollar strengthens amid economic data and boosts investor confidence,neutral
28,Private banks report strong quarterly results and creates uncertainty in market,positive
29,Oil prices remain stable in trading session and leads to bearish sentiment,negative
30,Banking stocks surge after profit growth and creates uncertainty in market,positive
31,Gold demand increases amid global uncertainty and boosts investor confidence,neutral
32,Gold demand increases amid global uncertainty and leads to bearish sentiment,negative
33,Bank shares fall due to regulatory concerns and creates uncertainty in market,negative
34,Gold prices rise as investors seek safety and boosts investor confidence,positive
35,Private banks report strong quarterly results and creates uncertainty in market,positive
36,Gold falls due to strong dollar and impacts global trade outlook,positive
37,Private banks report strong quarterly results and leads to bearish sentiment,positive
38,Stocks fall due to recession concerns and leads to bearish sentiment,negative
39,Gold demand increases amid global uncertainty and impacts global trade outlook,neutral
40,Stock market crashes amid inflation fears and boosts investor confidence,negative
41,Stock market crashes amid inflation fears and creates uncertainty in market,negative
42,Dollar strengthens amid economic data and boosts investor confidence,neutral
43,Gold falls due to strong dollar and leads to bearish sentiment,positive
44,Gold falls due to strong dollar and drives bullish momentum,positive
45,Forex market sees high volatility and creates uncertainty in market,neutral
46,Stocks fall due to recession concerns and drives bullish momentum,positive
47,Banking stocks surge after profit growth and drives bullish momentum,positive
48,Gold demand increases amid global uncertainty and creates uncertainty in market,neutral
49,Forex market sees high volatility and boosts investor confidence,neutral
50,Private banks report strong quarterly results and leads to bearish sentiment,positive
51,Oil demand weakens in global markets and boosts investor confidence,negative
52,Dollar strengthens amid economic data and leads to bearish sentiment,negative
53,Stocks fall due to recession concerns and creates uncertainty in market,negative
54,Gold falls due to strong dollar and boosts investor confidence,positive
55,Bank shares fall due to regulatory concerns and drives bullish momentum,positive
56,Gold demand increases amid global uncertainty and leads to bearish sentiment,negative
57,Stocks fall due to recession concerns and impacts global trade outlook,negative
58,Stocks fall due to recession concerns and impacts global trade outlook,negative
59,Gold falls due to strong dollar and impacts global trade outlook,positive
60,Gold prices rise as investors seek safety and creates uncertainty in market,positive
61,Forex market sees high volatility and creates uncertainty in market,neutral
62,Private banks report strong quarterly results and drives bullish momentum,positive
63,Rupee weakens against dollar and impacts global trade outlook,positive
64,Crude oil prices surge due to supply disruption and boosts investor confidence,positive
65,Stocks fall due to recession concerns and impacts global trade outlook,negative
66,Stocks fall due to recession concerns and creates uncertainty in market,negative
67,Equity markets rally on strong earnings and leads to bearish sentiment,positive
68,Stocks fall due to recession concerns and impacts global trade outlook,negative
69,Equity markets rally on strong earnings and impacts global trade outlook,positive
70,Equity markets rally on strong earnings and impacts global trade outlook,positive
71,Banking stocks surge after profit growth and boosts investor confidence,positive
72,Banking stocks surge after profit growth and boosts investor confidence,positive
73,Private banks report strong quarterly results and impacts global trade outlook,positive
74,Gold falls due to strong dollar and boosts investor confidence,positive
75,Gold falls due to strong dollar and boosts investor confidence,positive
76,Stock market crashes amid inflation fears and leads to bearish sentiment,negative
77,Private banks report strong quarterly results and creates uncertainty in market,positive
78,Dollar strengthens amid economic data and creates uncertainty in market,neutral
79,Dollar strengthens amid economic data and creates uncertainty in market,neutral
80,Gold prices rise as investors seek safety and boosts investor confidence,positive
81,Banking stocks surge after profit growth and boosts investor confidence,positive
82,Rupee weakens against dollar and boosts investor confidence,positive
83,Private banks report strong quarterly results and creates uncertainty in market,positive
84,Crude oil prices surge due to supply disruption and impacts global trade outlook,positive
85,Bank shares fall due to regulatory concerns and leads to bearish sentiment,negative
86,Rupee weakens against dollar and creates uncertainty in market,positive
87,Stock market crashes amid inflation fears and impacts global trade outlook,negative
88,Oil demand weakens in global markets and boosts investor confidence,negative
89,Banking stocks surge after profit growth and boosts investor confidence,positive
90,Oil prices remain stable in trading session and leads to bearish sentiment,negative
91,Private banks report strong quarterly results and leads to bearish sentiment,positive
92,Oil demand weakens in global markets and boosts investor confidence,negative
93,Banking stocks surge after profit growth and creates uncertainty in market,positive
94,Gold falls due to strong dollar and creates uncertainty in market,positive
95,Equity markets rally on strong earnings and impacts global trade outlook,positive
96,Stock market crashes amid inflation fears and impacts global trade outlook,negative
97,Crude oil prices surge due to supply disruption and boosts investor confidence,positive
98,Forex market sees high volatility and creates uncertainty in market,neutral
99,Forex market sees high volatility and leads to bearish sentiment,negative
100,Oil prices remain stable in trading session and creates uncertainty in market,neutral
101,Forex market sees high volatility and boosts investor confidence,neutral
102,Oil prices remain stable in trading session and leads to bearish sentiment,negative
103,Dollar strengthens amid economic data and drives bullish momentum,positive
104,Bank shares fall due to regulatory concerns and drives bullish momentum,positive
105,Crude oil prices surge due to supply disruption and boosts investor confidence,positive
106,Rupee weakens against dollar and impacts global trade outlook,positive
107,Oil prices remain stable in trading session and leads to bearish sentiment,negative
108,Dollar strengthens amid economic data and impacts global trade outlook,neutral
109,Oil prices remain stable in trading session and creates uncertainty in market,neutral
110,Forex market sees high volatility and leads to bearish sentiment,negative
111,Forex market sees high volatility and boosts investor confidence,neutral
112,Oil prices remain stable in trading session and creates uncertainty in market,neutral
113,Gold prices rise as investors seek safety and impacts global trade outlook,positive
114,Crude oil prices surge due to supply disruption and boosts investor confidence,positive
115,Private banks report strong quarterly results and creates uncertainty in market,positive
116,Private banks report strong quarterly results and leads to bearish sentiment,positive
117,Equity markets rally on strong earnings and drives bullish momentum,positive
118,Dollar strengthens amid economic data and leads to bearish sentiment,negative
119,Oil demand weakens in global markets and leads to bearish sentiment,negative
120,Gold falls due to strong dollar and leads to bearish sentiment,positive
121,Equity markets rally on strong earnings and drives bullish momentum,positive
122,Gold prices rise as investors seek safety and impacts global trade outlook,positive
123,Bank shares fall due to regulatory concerns and leads to bearish sentiment,negative
124,Dollar strengthens amid economic data and drives bullish momentum,positive
125,Banking stocks surge after profit growth and boosts investor confidence,positive
126,Gold falls due to strong dollar and boosts investor confidence,positive
127,Gold falls due to strong dollar and leads to bearish sentiment,positive
128,Gold falls due to strong dollar and boosts investor confidence,positive
129,Oil demand weakens in global markets and creates uncertainty in market,negative
130,Gold prices rise as investors seek safety and creates uncertainty in market,positive
131,Forex market sees high volatility and boosts investor confidence,neutral
132,Oil demand weakens in global markets and creates uncertainty in market,negative
133,Oil prices remain stable in trading session and leads to bearish sentiment,negative
134,Crude oil prices surge due to supply disruption and boosts investor confidence,positive
135,Stocks fall due to recession concerns and drives bullish momentum,positive
136,Stocks fall due to recession concerns and creates uncertainty in market,negative
137,Oil prices remain stable in trading session and boosts investor confidence,neutral
138,Rupee weakens against dollar and leads to bearish sentiment,positive
139,Rupee weakens against dollar and drives bullish momentum,positive
140,Crude oil prices surge due to supply disruption and impacts global trade outlook,positive
141,Private banks report strong quarterly results and impacts global trade outlook,positive
142,Oil demand weakens in global markets and drives bullish momentum,positive
143,Stock market crashes amid inflation fears and leads to bearish sentiment,negative
144,Equity markets rally on strong earnings and impacts global trade outlook,positive
145,Private banks report strong quarterly results and boosts investor confidence,positive
146,Oil prices remain stable in trading session and boosts investor confidence,neutral
147,Gold falls due to strong dollar and leads to bearish sentiment,positive
148,Oil demand weakens in global markets and drives bullish momentum,positive
149,Gold demand increases amid global uncertainty and impacts global trade outlook,neutral
150,Oil demand weakens in global markets and impacts global trade outlook,negative
151,Private banks report strong quarterly results and leads to bearish sentiment,positive
152,Forex market sees high volatility and drives bullish momentum,positive
153,Stock market crashes amid inflation fears and boosts investor confidence,negative
154,Forex market sees high volatility and boosts investor confidence,neutral
155,Stocks fall due to recession concerns and drives bullish momentum,positive
156,Oil demand weakens in global markets and drives bullish momentum,positive
157,Crude oil prices surge due to supply disruption and leads to bearish sentiment,positive
158,Rupee weakens against dollar and drives bullish momentum,positive
159,Gold prices rise as investors seek safety and creates uncertainty in market,positive
160,Forex market sees high volatility and impacts global trade outlook,neutral
161,Rupee weakens against dollar and boosts investor confidence,positive
162,Oil prices remain stable in trading session and boosts investor confidence,neutral
163,Gold demand increases amid global uncertainty and impacts global trade outlook,neutral
164,Gold falls due to strong dollar and leads to bearish sentiment,positive
165,Stocks fall due to recession concerns and boosts investor confidence,negative
166,Gold falls due to strong dollar and impacts global trade outlook,positive
167,Banking stocks surge after profit growth and impacts global trade outlook,positive
168,Dollar strengthens amid economic data and creates uncertainty in market,neutral
169,Bank shares fall due to regulatory concerns and leads to bearish sentiment,negative
170,Bank shares fall due to regulatory concerns and drives bullish momentum,positive
171,Stocks fall due to recession concerns and creates uncertainty in market,negative
172,Gold falls due to strong dollar and impacts global trade outlook,positive
173,Stock market crashes amid inflation fears and boosts investor confidence,negative
174,Banking stocks surge after profit growth and creates uncertainty in market,positive
175,Oil demand weakens in global markets and drives bullish momentum,positive
176,Gold demand increases amid global uncertainty and creates uncertainty in market,neutral
177,Bank shares fall due to regulatory concerns and boosts investor confidence,negative
178,Crude oil prices surge due to supply disruption and impacts global trade outlook,positive
179,Stock market crashes amid inflation fears and boosts investor confidence,negative
180,Private banks report strong quarterly results and drives bullish momentum,positive
181,Equity markets rally on strong earnings and impacts global trade outlook,positive
182,Banking stocks surge after profit growth and impacts global trade outlook,positive
183,Forex market sees high volatility and drives bullish momentum,positive
184,Stocks fall due to recession concerns and drives bullish momentum,positive
185,Gold falls due to strong dollar and impacts global trade outlook,positive
186,Banking stocks surge after profit growth and drives bullish momentum,positive
187,Gold falls due to strong dollar and boosts investor confidence,positive
188,Stock market crashes amid inflation fears and drives bullish momentum,positive
189,Oil demand weakens in global markets and drives bullish momentum,positive
190,Stock market crashes amid inflation fears and drives bullish momentum,positive
191,Stocks fall due to recession concerns and creates uncertainty in market,negative
192,Banking stocks surge after profit growth and drives bullish momentum,positive
193,Rupee weakens against dollar and boosts investor confidence,positive
194,Gold demand increases amid global uncertainty and drives bullish momentum,positive
195,Stock market crashes amid inflation fears and leads to bearish sentiment,negative
196,Forex market sees high volatility and leads to bearish sentiment,negative
197,Gold falls due to strong dollar and boosts investor confidence,positive
198,Forex market sees high volatility and drives bullish momentum,positive
199,Gold demand increases amid global uncertainty and leads to bearish sentiment,negative
200,Dollar strengthens amid economic data and drives bullish momentum,positive
201,Bank shares fall due to regulatory concerns and leads to bearish sentiment,negative
202,Oil demand weakens in global markets and impacts global trade outlook,negative
203,Forex market sees high volatility and impacts global trade outlook,neutral
204,Dollar strengthens amid economic data and creates uncertainty in market,neutral
205,Oil demand weakens in global markets and creates uncertainty in market,negative
206,Oil prices remain stable in trading session and boosts investor confidence,neutral
207,Stocks fall due to recession concerns and boosts investor confidence,negative
208,Oil demand weakens in global markets and boosts investor confidence,negative
209,Banking stocks surge after profit growth and drives bullish momentum,positive
210,Equity markets rally on strong earnings and creates uncertainty in market,positive
211,Private banks report strong quarterly results and leads to bearish sentiment,positive
212,Oil demand weakens in global markets and drives bullish momentum,positive
213,Banking stocks surge after profit growth and drives bullish momentum,positive
214,Dollar strengthens amid economic data and impacts global trade outlook,neutral
215,Crude oil prices surge due to supply disruption and leads to bearish sentiment,positive
216,Equity markets rally on strong earnings and impacts global trade outlook,positive
217,Stock market crashes amid inflation fears and creates uncertainty in market,negative
218,Equity markets rally on strong earnings and boosts investor confidence,positive
219,Forex market sees high volatility and boosts investor confidence,neutral
220,Gold falls due to strong dollar and leads to bearish sentiment,positive
221,Gold prices rise as investors seek safety and creates uncertainty in market,positive
222,Gold falls due to strong dollar and drives bullish momentum,positive
223,Forex market sees high volatility and leads to bearish sentiment,negative
224,Gold prices rise as investors seek safety and impacts global trade outlook,positive
225,Rupee weakens against dollar and creates uncertainty in market,positive
226,Private banks report strong quarterly results and creates uncertainty in market,positive
227,Bank shares fall due to regulatory concerns and creates uncertainty in market,negative
228,Gold demand increases amid global uncertainty and leads to bearish sentiment,negative
229,Dollar strengthens amid economic data and impacts global trade outlook,neutral
230,Stock market crashes amid inflation fears and leads to bearish sentiment,negative
231,Gold prices rise as investors seek safety and creates uncertainty in market,positive
232,Forex market sees high volatility and impacts global trade outlook,neutral
233,Private banks report strong quarterly results and drives bullish momentum,positive
234,Stock market crashes amid inflation fears and leads to bearish sentiment,negative
235,Private banks report strong quarterly results and impacts global trade outlook,positive
236,Stock market crashes amid inflation fears and boosts investor confidence,negative
237,Oil prices remain stable in trading session and creates uncertainty in market,neutral
238,Private banks report strong quarterly results and drives bullish momentum,positive
239,Gold prices rise as investors seek safety and creates uncertainty in market,positive
240,Bank shares fall due to regulatory concerns and creates uncertainty in market,negative
241,Stock market crashes amid inflation fears and impacts global trade outlook,negative
242,Stock market crashes amid inflation fears and boosts investor confidence,negative
243,Rupee weakens against dollar and creates uncertainty in market,positive
244,Gold prices rise as investors seek safety and boosts investor confidence,positive
245,Dollar strengthens amid economic data and leads to bearish sentiment,negative
246,Gold prices rise as investors seek safety and creates uncertainty in market,positive
247,Oil demand weakens in global markets and leads to bearish sentiment,negative
248,Private banks report strong quarterly results and impacts global trade outlook,positive
249,Rupee weakens against dollar and impacts global trade outlook,positive
250,Oil prices remain stable in trading session and impacts global trade outlook,neutral
251,Bank shares fall due to regulatory concerns and leads to bearish sentiment,negative
252,Rupee weakens against dollar and leads to bearish sentiment,positive
253,Private banks report strong quarterly results and boosts investor confidence,positive
254,Crude oil prices surge due to supply disruption and creates uncertainty in market,positive
255,Crude oil prices surge due to supply disruption and impacts global trade outlook,positive
256,Gold prices rise as investors seek safety and impacts global trade outlook,positive
257,Stock market crashes amid inflation fears and leads to bearish sentiment,negative
258,Gold prices rise as investors seek safety and creates uncertainty in market,positive
259,Bank shares fall due to regulatory concerns and creates uncertainty in market,negative
260,Banking stocks surge after profit growth and creates uncertainty in market,positive
261,Dollar strengthens amid economic data and leads to bearish sentiment,negative
262,Gold falls due to strong dollar and leads to bearish sentiment,positive
263,Equity markets rally on strong earnings and drives bullish momentum,positive
264,Gold demand increases amid global uncertainty and creates uncertainty in market,neutral
265,Oil prices remain stable in trading session and drives bullish momentum,positive
266,Bank shares fall due to regulatory concerns and creates uncertainty in market,negative
267,Gold demand increases amid global uncertainty and leads to bearish sentiment,negative
268,Stocks fall due to recession concerns and impacts global trade outlook,negative
269,Oil demand weakens in global markets and drives bullish momentum,positive
270,Gold demand increases amid global uncertainty and creates uncertainty in market,neutral
271,Oil prices remain stable in trading session and drives bullish momentum,positive
272,Gold prices rise as investors seek safety and drives bullish momentum,positive
273,Equity markets rally on strong earnings and creates uncertainty in market,positive
274,Gold demand increases amid global uncertainty and impacts global trade outlook,neutral
275,Forex market sees high volatility and drives bullish momentum,positive
276,Equity markets rally on strong earnings and drives bullish momentum,positive
277,Private banks report strong quarterly results and drives bullish momentum,positive
278,Rupee weakens against dollar and impacts global trade outlook,positive
279,Dollar strengthens amid economic data and leads to bearish sentiment,negative
280,Oil prices remain stable in trading session and leads to bearish sentiment,negative
281,Banking stocks surge after profit growth and impacts global trade outlook,positive
282,Forex market sees high volatility and creates uncertainty in market,neutral
283,Equity markets rally on strong earnings and leads to bearish sentiment,positive
284,Stock market crashes amid inflation fears and drives bullish momentum,positive
285,Private banks report strong quarterly results and creates uncertainty in market,positive
286,Oil prices remain stable in trading session and impacts global trade outlook,neutral
287,Oil prices remain stable in trading session and leads to bearish sentiment,negative
288,Stock market crashes amid inflation fears and impacts global trade outlook,negative
289,Crude oil prices surge due to supply disruption and boosts investor confidence,positive
290,Stock market crashes amid inflation fears and drives bullish momentum,positive
291,Stocks fall due to recession concerns and creates uncertainty in market,negative
292,Gold demand increases amid global uncertainty and creates uncertainty in market,neutral
293,Forex market sees high volatility and drives bullish momentum,positive
294,Oil prices remain stable in trading session and boosts investor confidence,neutral
295,Stocks fall due to recession concerns and creates uncertainty in market,negative
296,Gold demand increases amid global uncertainty and creates uncertainty in market,neutral
297,Gold demand increases amid global uncertainty and leads to bearish sentiment,negative
298,Gold demand increases amid global uncertainty and leads to bearish sentiment,negative
299,Equity markets rally on strong earnings and boosts investor confidence,positive
300,Equity markets rally on strong earnings and creates uncertainty in market,positive
301,Gold demand increases amid global uncertainty and boosts investor confidence,neutral
302,Gold falls due to strong dollar and drives bullish momentum,positive
303,Gold falls due to strong dollar and leads to bearish sentiment,positive
304,Rupee weakens against dollar and creates uncertainty in market,positive
305,Gold falls due to strong dollar and impacts global trade outlook,positive
306,Oil demand weakens in global markets and boosts investor confidence,negative
307,Stock market crashes amid inflation fears and boosts investor confidence,negative
308,Equity markets rally on strong earnings and leads to bearish sentiment,positive
309,Dollar strengthens amid economic data and leads to bearish sentiment,negative
310,Crude oil prices surge due to supply disruption and drives bullish momentum,positive
311,Gold falls due to strong dollar and creates uncertainty in market,positive
312,Stocks fall due to recession concerns and drives bullish momentum,positive
313,Stock market crashes amid inflation fears and impacts global trade outlook,negative
314,Oil demand weakens in global markets and leads to bearish sentiment,negative
315,Oil prices remain stable in trading session and drives bullish momentum,positive
316,Bank shares fall due to regulatory concerns and impacts global trade outlook,negative
317,Private banks report strong quarterly results and leads to bearish sentiment,positive
318,Equity markets rally on strong earnings and impacts global trade outlook,positive
319,Gold falls due to strong dollar and creates uncertainty in market,positive
320,Stock market crashes amid inflation fears and boosts investor confidence,negative
321,Equity markets rally on strong earnings and boosts investor confidence,positive
322,Dollar strengthens amid economic data and leads to bearish sentiment,negative
323,Gold demand increases amid global uncertainty and drives bullish momentum,positive
324,Private banks report strong quarterly results and boosts investor confidence,positive
325,Equity markets rally on strong earnings and boosts investor confidence,positive
326,Equity markets rally on strong earnings and boosts investor confidence,positive
327,Equity markets rally on strong earnings and impacts global trade outlook,positive
328,Rupee weakens against dollar and leads to bearish sentiment,positive
329,Dollar strengthens amid economic data and creates uncertainty in market,neutral
330,Gold prices rise as investors seek safety and boosts investor confidence,positive
331,Forex market sees high volatility and boosts investor confidence,neutral
332,Equity markets rally on strong earnings and creates uncertainty in market,positive
333,Oil demand weakens in global markets and leads to bearish sentiment,negative
334,Gold prices rise as investors seek safety and boosts investor confidence,positive
335,Oil prices remain stable in trading session and drives bullish momentum,positive
336,Gold demand increases amid global uncertainty and drives bullish momentum,positive
337,Private banks report strong quarterly results and drives bullish momentum,positive
338,Stock market crashes amid inflation fears and drives bullish momentum,positive
339,Private banks report strong quarterly results and impacts global trade outlook,positive
340,Bank shares fall due to regulatory concerns and drives bullish momentum,positive
341,Gold falls due to strong dollar and impacts global trade outlook,positive
342,Rupee weakens against dollar and boosts investor confidence,positive
343,Oil prices remain stable in trading session and creates uncertainty in market,neutral
344,Rupee weakens against dollar and leads to bearish sentiment,positive
345,Oil prices remain stable in trading session and creates uncertainty in market,neutral
346,Stocks fall due to recession concerns and leads to bearish sentiment,negative
347,Stock market crashes amid inflation fears and leads to bearish sentiment,negative
348,Gold falls due to strong dollar and impacts global trade outlook,positive
349,Dollar strengthens amid economic data and boosts investor confidence,neutral
350,Equity markets rally on strong earnings and boosts investor confidence,positive
351,Crude oil prices surge due to supply disruption and impacts global trade outlook,positive
352,Gold prices rise as investors seek safety and leads to bearish sentiment,positive
353,Crude oil prices surge due to supply disruption and drives bullish momentum,positive
354,Stock market crashes amid inflation fears and leads to bearish sentiment,negative
355,Gold demand increases amid global uncertainty and creates uncertainty in market,neutral
356,Private banks report strong quarterly results and creates uncertainty in market,positive
357,Oil prices remain stable in trading session and leads to bearish sentiment,negative
358,Rupee weakens against dollar and creates uncertainty in market,positive
359,Stock market crashes amid inflation fears and boosts investor confidence,negative
360,Gold prices rise as investors seek safety and creates uncertainty in market,positive
361,Oil prices remain stable in trading session and impacts global trade outlook,neutral
362,Gold falls due to strong dollar and creates uncertainty in market,positive
363,Private banks report strong quarterly results and boosts investor confidence,positive
364,Bank shares fall due to regulatory concerns and drives bullish momentum,positive
365,Banking stocks surge after profit growth and leads to bearish sentiment,positive
366,Gold falls due to strong dollar and drives bullish momentum,positive
367,Oil demand weakens in global markets and drives bullish momentum,positive
368,Oil demand weakens in global markets and drives bullish momentum,positive
369,Equity markets rally on strong earnings and boosts investor confidence,positive
370,Bank shares fall due to regulatory concerns and boosts investor confidence,negative
371,Rupee weakens against dollar and impacts global trade outlook,positive
372,Private banks report strong quarterly results and impacts global trade outlook,positive
373,Crude oil prices surge due to supply disruption and leads to bearish sentiment,positive
374,Stock market crashes amid inflation fears and creates uncertainty in market,negative
375,Private banks report strong quarterly results and leads to bearish sentiment,positive
376,Gold prices rise as investors seek safety and creates uncertainty in market,positive
377,Gold demand increases amid global uncertainty and drives bullish momentum,positive
378,Gold prices rise as investors seek safety and boosts investor confidence,positive
379,Crude oil prices surge due to supply disruption and creates uncertainty in market,positive
380,Gold falls due to strong dollar and leads to bearish sentiment,positive
381,Oil prices remain stable in trading session and impacts global trade outlook,neutral
382,Bank shares fall due to regulatory concerns and boosts investor confidence,negative
383,Bank shares fall due to regulatory concerns and boosts investor confidence,negative
384,Private banks report strong quarterly results and impacts global trade outlook,positive
385,Banking stocks surge after profit growth and creates uncertainty in market,positive
386,Oil prices remain stable in trading session and creates uncertainty in market,neutral
387,Rupee weakens against dollar and boosts investor confidence,positive
388,Bank shares fall due to regulatory concerns and boosts investor confidence,negative
389,Dollar strengthens amid economic data and drives bullish momentum,positive
390,Bank shares fall due to regulatory concerns and drives bullish momentum,positive
391,Banking stocks surge after profit growth and leads to bearish sentiment,positive
392,Oil prices remain stable in trading session and creates uncertainty in market,neutral
393,Dollar strengthens amid economic data and drives bullish momentum,positive
394,Oil demand weakens in global markets and impacts global trade outlook,negative
395,Gold falls due to strong dollar and drives bullish momentum,positive
396,Bank shares fall due to regulatory concerns and boosts investor confidence,negative
397,Gold falls due to strong dollar and boosts investor confidence,positive
398,Stock market crashes amid inflation fears and creates uncertainty in market,negative
399,Equity markets rally on strong earnings and drives bullish momentum,positive
400,Forex market sees high volatility and impacts global trade outlook,neutral
401,Gold falls due to strong dollar and boosts investor confidence,positive
402,Equity markets rally on strong earnings and drives bullish momentum,positive
403,Oil demand weakens in global markets and drives bullish momentum,positive
404,Dollar strengthens amid economic data and impacts global trade outlook,neutral
405,Oil prices remain stable in trading session and leads to bearish sentiment,negative
406,Banking stocks surge after profit growth and impacts global trade outlook,positive
407,Gold demand increases amid global uncertainty and creates uncertainty in market,neutral
408,Private banks report strong quarterly results and creates uncertainty in market,positive
409,Forex market sees high volatility and creates uncertainty in market,neutral
410,Stock market crashes amid inflation fears and leads to bearish sentiment,negative
411,Equity markets rally on strong earnings and boosts investor confidence,positive
412,Private banks report strong quarterly results and creates uncertainty in market,positive
413,Banking stocks surge after profit growth and creates uncertainty in market,positive
414,Gold demand increases amid global uncertainty and impacts global trade outlook,neutral
415,Banking stocks surge after profit growth and boosts investor confidence,positive
416,Private banks report strong quarterly results and creates uncertainty in market,positive
417,Rupee weakens against dollar and boosts investor confidence,positive
418,Dollar strengthens amid economic data and creates uncertainty in market,neutral
419,Private banks report strong quarterly results and boosts investor confidence,positive
420,Gold falls due to strong dollar and boosts investor confidence,positive
421,Banking stocks surge after profit growth and creates uncertainty in market,positive
422,Forex market sees high volatility and impacts global trade outlook,neutral
423,Banking stocks surge after profit growth and drives bullish momentum,positive
424,Bank shares fall due to regulatory concerns and impacts global trade outlook,negative
425,Gold falls due to strong dollar and drives bullish momentum,positive
426,Bank shares fall due to regulatory concerns and creates uncertainty in market,negative
427,Forex market sees high volatility and drives bullish momentum,positive
428,Equity markets rally on strong earnings and creates uncertainty in market,positive
429,Private banks report strong quarterly results and leads to bearish sentiment,positive
430,Gold prices rise as investors seek safety and drives bullish momentum,positive
431,Banking stocks surge after profit growth and creates uncertainty in market,positive
432,Crude oil prices surge due to supply disruption and boosts investor confidence,positive
433,Rupee weakens against dollar and creates uncertainty in market,positive
434,Bank shares fall due to regulatory concerns and impacts global trade outlook,negative
435,Gold demand increases amid global uncertainty and impacts global trade outlook,neutral
436,Stocks fall due to recession concerns and leads to bearish sentiment,negative
437,Rupee weakens against dollar and creates uncertainty in market,positive
438,Crude oil prices surge due to supply disruption and drives bullish momentum,positive
439,Stock market crashes amid inflation fears and leads to bearish sentiment,negative
440,Stock market crashes amid inflation fears and drives bullish momentum,positive
441,Rupee weakens against dollar and leads to bearish sentiment,positive
442,Dollar strengthens amid economic data and impacts global trade outlook,neutral
443,Equity markets rally on strong earnings and creates uncertainty in market,positive
444,Banking stocks surge after profit growth and impacts global trade outlook,positive
445,Oil prices remain stable in trading session and boosts investor confidence,neutral
446,Stocks fall due to recession concerns and creates uncertainty in market,negative
447,Oil demand weakens in global markets and leads to bearish sentiment,negative
448,Bank shares fall due to regulatory concerns and boosts investor confidence,negative
449,Rupee weakens against dollar and creates uncertainty in market,positive
450,Stock market crashes amid inflation fears and boosts investor confidence,negative
451,Oil prices remain stable in trading session and leads to bearish sentiment,negative
452,Private banks report strong quarterly results and leads to bearish sentiment,positive
453,Rupee weakens against dollar and impacts global trade outlook,positive
454,Equity markets rally on strong earnings and impacts global trade outlook,positive
455,Dollar strengthens amid economic data and leads to bearish sentiment,negative
456,Banking stocks surge after profit growth and creates uncertainty in market,positive
457,Equity markets rally on strong earnings and drives bullish momentum,positive
458,Private banks report strong quarterly results and leads to bearish sentiment,positive
459,Stocks fall due to recession concerns and impacts global trade outlook,negative
460,Oil prices remain stable in trading session and leads to bearish sentiment,negative
461,Stock market crashes amid inflation fears and boosts investor confidence,negative
462,Crude oil prices surge due to supply disruption and drives bullish momentum,positive
463,Equity markets rally on strong earnings and leads to bearish sentiment,positive
464,Dollar strengthens amid economic data and drives bullish momentum,positive
465,Dollar strengthens amid economic data and leads to bearish sentiment,negative
466,Stocks fall due to recession concerns and drives bullish momentum,positive
467,Oil demand weakens in global markets and impacts global trade outlook,negative
468,Equity markets rally on strong earnings and impacts global trade outlook,positive
469,Gold demand increases amid global uncertainty and boosts investor confidence,neutral
470,Stock market crashes amid inflation fears and impacts global trade outlook,negative
471,Dollar strengthens amid economic data and creates uncertainty in market,neutral
472,Dollar strengthens amid economic data and impacts global trade outlook,neutral
473,Dollar strengthens amid economic data and creates uncertainty in market,neutral
474,Stocks fall due to recession concerns and impacts global trade outlook,negative
475,Crude oil prices surge due to supply disruption and creates uncertainty in market,positive
476,Equity markets rally on strong earnings and leads to bearish sentiment,positive
477,Private banks report strong quarterly results and leads to bearish sentiment,positive
478,Stocks fall due to recession concerns and leads to bearish sentiment,negative
479,Banking stocks surge after profit growth and creates uncertainty in market,positive
480,Oil prices remain stable in trading session and creates uncertainty in market,neutral
481,Oil prices remain stable in trading session and boosts investor confidence,neutral
482,Banking stocks surge after profit growth and creates uncertainty in market,positive
483,Gold demand increases amid global uncertainty and impacts global trade outlook,neutral
484,Banking stocks surge after profit growth and leads to bearish sentiment,positive
485,Dollar strengthens amid economic data and impacts global trade outlook,neutral
486,Crude oil prices surge due to supply disruption and creates uncertainty in market,positive
487,Oil prices remain stable in trading session and creates uncertainty in market,neutral
488,Forex market sees high volatility and leads to bearish sentiment,negative
489,Gold falls due to strong dollar and leads to bearish sentiment,positive
490,Bank shares fall due to regulatory concerns and impacts global trade outlook,negative
491,Oil prices remain stable in trading session and boosts investor confidence,neutral
492,Gold prices rise as investors seek safety and impacts global trade outlook,positive
493,Oil demand weakens in global markets and creates uncertainty in market,negative
494,Dollar strengthens amid economic data and drives bullish momentum,positive
495,Gold falls due to strong dollar and creates uncertainty in market,positive
496,Forex market sees high volatility and impacts global trade outlook,neutral
497,Oil demand weakens in global markets and leads to bearish sentiment,negative
498,Bank shares fall due to regulatory concerns and leads to bearish sentiment,negative
499,Gold demand increases amid global uncertainty and boosts investor confidence,neutral
500,Dollar strengthens amid economic data and drives bullish momentum,positive
501,Dollar strengthens amid economic data and boosts investor confidence,neutral
502,Gold prices rise as investors seek safety and creates uncertainty in market,positive
503,Oil prices remain stable in trading session and drives bullish momentum,positive
504,Gold prices rise as investors seek safety and creates uncertainty in market,positive
505,Crude oil prices surge due to supply disruption and leads to bearish sentiment,positive
506,Equity markets rally on strong earnings and creates uncertainty in market,positive
507,Gold falls due to strong dollar and impacts global trade outlook,positive
508,Private banks report strong quarterly results and impacts global trade outlook,positive
509,Forex market sees high volatility and drives bullish momentum,positive
510,Private banks report strong quarterly results and drives bullish momentum,positive
511,Crude oil prices surge due to supply disruption and impacts global trade outlook,positive
512,Gold prices rise as investors seek safety and boosts investor confidence,positive
513,Gold prices rise as investors seek safety and impacts global trade outlook,positive
514,Crude oil prices surge due to supply disruption and leads to bearish sentiment,positive
515,Bank shares fall due to regulatory concerns and boosts investor confidence,negative
516,Rupee weakens against dollar and creates uncertainty in market,positive
517,Gold falls due to strong dollar and leads to bearish sentiment,positive
518,Oil prices remain stable in trading session and creates uncertainty in market,neutral
519,Gold demand increases amid global uncertainty and creates uncertainty in market,neutral
520,Stocks fall due to recession concerns and drives bullish momentum,positive
521,Stocks fall due to recession concerns and boosts investor confidence,negative
522,Oil prices remain stable in trading session and impacts global trade outlook,neutral
523,Banking stocks surge after profit growth and boosts investor confidence,positive
524,Equity markets rally on strong earnings and leads to bearish sentiment,positive
525,Gold prices rise as investors seek safety and impacts global trade outlook,positive
526,Private banks report strong quarterly results and impacts global trade outlook,positive
527,Rupee weakens against dollar and leads to bearish sentiment,positive
528,Rupee weakens against dollar and creates uncertainty in market,positive
529,Equity markets rally on strong earnings and impacts global trade outlook,positive
530,Oil prices remain stable in trading session and drives bullish momentum,positive
531,Gold falls due to strong dollar and impacts global trade outlook,positive
532,Dollar strengthens amid economic data and creates uncertainty in market,neutral
533,Private banks report strong quarterly results and drives bullish momentum,positive
534,Stock market crashes amid inflation fears and drives bullish momentum,positive
535,Rupee weakens against dollar and leads to bearish sentiment,positive
536,Private banks report strong quarterly results and impacts global trade outlook,positive
537,Oil demand weakens in global markets and drives bullish momentum,positive
538,Stocks fall due to recession concerns and boosts investor confidence,negative
539,Gold falls due to strong dollar and boosts investor confidence,positive
540,Equity markets rally on strong earnings and leads to bearish sentiment,positive
541,Crude oil prices surge due to supply disruption and impacts global trade outlook,positive
542,Stocks fall due to recession concerns and impacts global trade outlook,negative
543,Gold prices rise as investors seek safety and drives bullish momentum,positive
544,Bank shares fall due to regulatory concerns and impacts global trade outlook,negative
545,Gold demand increases amid global uncertainty and creates uncertainty in market,neutral
546,Gold prices rise as investors seek safety and drives bullish momentum,positive
547,Stock market crashes amid inflation fears and impacts global trade outlook,negative
548,Rupee weakens against dollar and creates uncertainty in market,positive
549,Bank shares fall due to regulatory concerns and boosts investor confidence,negative
550,Bank shares fall due to regulatory concerns and boosts investor confidence,negative
551,Bank shares fall due to regulatory concerns and creates uncertainty in market,negative
552,Gold prices rise as investors seek safety and leads to bearish sentiment,positive
553,Stocks fall due to recession concerns and boosts investor confidence,negative
554,Banking stocks surge after profit growth and creates uncertainty in market,positive
555,Equity markets rally on strong earnings and creates uncertainty in market,positive
556,Private banks report strong quarterly results and boosts investor confidence,positive
557,Forex market sees high volatility and impacts global trade outlook,neutral
558,Private banks report strong quarterly results and creates uncertainty in market,positive
559,Stock market crashes amid inflation fears and boosts investor confidence,negative
560,Gold demand increases amid global uncertainty and boosts investor confidence,neutral
561,Banking stocks surge after profit growth and drives bullish momentum,positive
562,Crude oil prices surge due to supply disruption and impacts global trade outlook,positive
563,Banking stocks surge after profit growth and creates uncertainty in market,positive
564,Stocks fall due to recession concerns and creates uncertainty in market,negative
565,Gold demand increases amid global uncertainty and boosts investor confidence,neutral
566,Gold prices rise as investors seek safety and leads to bearish sentiment,positive
567,Rupee weakens against dollar and impacts global trade outlook,positive
568,Stocks fall due to recession concerns and creates uncertainty in market,negative
569,Bank shares fall due to regulatory concerns and leads to bearish sentiment,negative
570,Gold prices rise as investors seek safety and impacts global trade outlook,positive
571,Forex market sees high volatility and boosts investor confidence,neutral
572,Stocks fall due to recession concerns and drives bullish momentum,positive
573,Gold prices rise as investors seek safety and drives bullish momentum,positive
574,Banking stocks surge after profit growth and leads to bearish sentiment,positive
575,Stock market crashes amid inflation fears and creates uncertainty in market,negative
576,Crude oil prices surge due to supply disruption and drives bullish momentum,positive
577,Private banks report strong quarterly results and drives bullish momentum,positive
578,Equity markets rally on strong earnings and creates uncertainty in market,positive
579,Stock market crashes amid inflation fears and impacts global trade outlook,negative
580,Stocks fall due to recession concerns and creates uncertainty in market,negative
581,Equity markets rally on strong earnings and leads to bearish sentiment,positive
582,Gold falls due to strong dollar and creates uncertainty in market,positive
583,Gold falls due to strong dollar and boosts investor confidence,positive
584,Oil prices remain stable in trading session and drives bullish momentum,positive
585,Stock market crashes amid inflation fears and creates uncertainty in market,negative
586,Gold prices rise as investors seek safety and leads to bearish sentiment,positive
587,Gold falls due to strong dollar and drives bullish momentum,positive
588,Oil demand weakens in global markets and drives bullish momentum,positive
589,Rupee weakens against dollar and leads to bearish sentiment,positive
590,Stock market crashes amid inflation fears and creates uncertainty in market,negative
591,Gold demand increases amid global uncertainty and drives bullish momentum,positive
592,Forex market sees high volatility and leads to bearish sentiment,negative
593,Crude oil prices surge due to supply disruption and impacts global trade outlook,positive
594,Forex market sees high volatility and boosts investor confidence,neutral
595,Private banks report strong quarterly results and drives bullish momentum,positive
596,Equity markets rally on strong earnings and boosts investor confidence,positive
597,Rupee weakens against dollar and impacts global trade outlook,positive
598,Forex market sees high volatility and creates uncertainty in market,neutral
599,Gold demand increases amid global uncertainty and drives bullish momentum,positive
600,Oil demand weakens in global markets and impacts global trade outlook,negative
601,Gold demand increases amid global uncertainty and drives bullish momentum,positive
602,Crude oil prices surge due to supply disruption and creates uncertainty in market,positive
603,Stocks fall due to recession concerns and creates uncertainty in market,negative
604,Private banks report strong quarterly results and leads to bearish sentiment,positive
605,Private banks report strong quarterly results and leads to bearish sentiment,positive
606,Dollar strengthens amid economic data and boosts investor confidence,neutral
607,Rupee weakens against dollar and impacts global trade outlook,positive
608,Gold falls due to strong dollar and impacts global trade outlook,positive
609,Oil prices remain stable in trading session and creates uncertainty in market,neutral
610,Gold demand increases amid global uncertainty and boosts investor confidence,neutral
611,Gold demand increases amid global uncertainty and drives bullish momentum,positive
612,Bank shares fall due to regulatory concerns and impacts global trade outlook,negative
613,Gold falls due to strong dollar and creates uncertainty in market,positive
614,Stocks fall due to recession concerns and creates uncertainty in market,negative
615,Rupee weakens against dollar and drives bullish momentum,positive
616,Oil demand weakens in global markets and creates uncertainty in market,negative
617,Stock market crashes amid inflation fears and drives bullish momentum,positive
618,Dollar strengthens amid economic data and boosts investor confidence,neutral
619,Gold falls due to strong dollar and impacts global trade outlook,positive
620,Gold falls due to strong dollar and leads to bearish sentiment,positive
621,Forex market sees high volatility and drives bullish momentum,positive
622,Gold falls due to strong dollar and impacts global trade outlook,positive
623,Stock market crashes amid inflation fears and creates uncertainty in market,negative
624,Crude oil prices surge due to supply disruption and drives bullish momentum,positive
625,Equity markets rally on strong earnings and drives bullish momentum,positive
626,Banking stocks surge after profit growth and leads to bearish sentiment,positive
627,Stocks fall due to recession concerns and impacts global trade outlook,negative
628,Crude oil prices surge due to supply disruption and creates uncertainty in market,positive
629,Crude oil prices surge due to supply disruption and leads to bearish sentiment,positive
630,Rupee weakens against dollar and impacts global trade outlook,positive
631,Gold prices rise as investors seek safety and boosts investor confidence,positive
632,Bank shares fall due to regulatory concerns and impacts global trade outlook,negative
633,Equity markets rally on strong earnings and leads to bearish sentiment,positive
634,Bank shares fall due to regulatory concerns and creates uncertainty in market,negative
635,Equity markets rally on strong earnings and drives bullish momentum,positive
636,Private banks report strong quarterly results and creates uncertainty in market,positive
637,Gold falls due to strong dollar and drives bullish momentum,positive
638,Oil prices remain stable in trading session and boosts investor confidence,neutral
639,Gold prices rise as investors seek safety and boosts investor confidence,positive
640,Stocks fall due to recession concerns and creates uncertainty in market,negative
641,Bank shares fall due to regulatory concerns and leads to bearish sentiment,negative
642,Banking stocks surge after profit growth and boosts investor confidence,positive
643,Equity markets rally on strong earnings and leads to bearish sentiment,positive
644,Crude oil prices surge due to supply disruption and creates uncertainty in market,positive
645,Gold falls due to strong dollar and drives bullish momentum,positive
646,Dollar strengthens amid economic data and creates uncertainty in market,neutral
647,Gold falls due to strong dollar and leads to bearish sentiment,positive
648,Forex market sees high volatility and leads to bearish sentiment,negative
649,Oil prices remain stable in trading session and drives bullish momentum,positive
650,Gold prices rise as investors seek safety and impacts global trade outlook,positive
651,Oil prices remain stable in trading session and leads to bearish sentiment,negative
652,Private banks report strong quarterly results and impacts global trade outlook,positive
653,Gold demand increases amid global uncertainty and leads to bearish sentiment,negative
654,Oil prices remain stable in trading session and impacts global trade outlook,neutral
655,Oil demand weakens in global markets and leads to bearish sentiment,negative
656,Stock market crashes amid inflation fears and boosts investor confidence,negative
657,Oil prices remain stable in trading session and impacts global trade outlook,neutral
658,Oil demand weakens in global markets and leads to bearish sentiment,negative
659,Forex market sees high volatility and impacts global trade outlook,neutral
660,Oil demand weakens in global markets and impacts global trade outlook,negative
661,Gold falls due to strong dollar and leads to bearish sentiment,positive
662,Banking stocks surge after profit growth and drives bullish momentum,positive
663,Stock market crashes amid inflation fears and boosts investor confidence,negative
664,Forex market sees high volatility and impacts global trade outlook,neutral
665,Private banks report strong quarterly results and drives bullish momentum,positive
666,Stocks fall due to recession concerns and creates uncertainty in market,negative
667,Stock market crashes amid inflation fears and creates uncertainty in market,negative
668,Oil prices remain stable in trading session and boosts investor confidence,neutral
669,Gold demand increases amid global uncertainty and creates uncertainty in market,neutral
670,Stocks fall due to recession concerns and drives bullish momentum,positive
671,Gold demand increases amid global uncertainty and impacts global trade outlook,neutral
672,Private banks report strong quarterly results and boosts investor confidence,positive
673,Stock market crashes amid inflation fears and creates uncertainty in market,negative
674,Stocks fall due to recession concerns and leads to bearish sentiment,negative
675,Gold demand increases amid global uncertainty and creates uncertainty in market,neutral
676,Stock market crashes amid inflation fears and creates uncertainty in market,negative
677,Gold prices rise as investors seek safety and drives bullish momentum,positive
678,Stocks fall due to recession concerns and creates uncertainty in market,negative
679,Rupee weakens against dollar and creates uncertainty in market,positive
680,Crude oil prices surge due to supply disruption and impacts global trade outlook,positive
681,Oil demand weakens in global markets and drives bullish momentum,positive
682,Oil prices remain stable in trading session and leads to bearish sentiment,negative
683,Bank shares fall due to regulatory concerns and impacts global trade outlook,negative
684,Equity markets rally on strong earnings and creates uncertainty in market,positive
685,Gold falls due to strong dollar and drives bullish momentum,positive
686,Gold demand increases amid global uncertainty and drives bullish momentum,positive
687,Gold prices rise as investors seek safety and drives bullish momentum,positive
688,Oil prices remain stable in trading session and drives bullish momentum,positive
689,Private banks report strong quarterly results and impacts global trade outlook,positive
690,Gold prices rise as investors seek safety and boosts investor confidence,positive
691,Crude oil prices surge due to supply disruption and boosts investor confidence,positive
692,Gold falls due to strong dollar and leads to bearish sentiment,positive
693,Equity markets rally on strong earnings and creates uncertainty in market,positive
694,Oil demand weakens in global markets and leads to bearish sentiment,negative
695,Rupee weakens against dollar and drives bullish momentum,positive
696,Private banks report strong quarterly results and drives bullish momentum,positive
697,Banking stocks surge after profit growth and creates uncertainty in market,positive
698,Stocks fall due to recession concerns and leads to bearish sentiment,negative
699,Oil prices remain stable in trading session and impacts global trade outlook,neutral
700,Gold falls due to strong dollar and impacts global trade outlook,positive
701,Bank shares fall due to regulatory concerns and leads to bearish sentiment,negative
702,Rupee weakens against dollar and leads to bearish sentiment,positive
703,Rupee weakens against dollar and drives bullish momentum,positive
704,Stock market crashes amid inflation fears and impacts global trade outlook,negative
705,Stock market crashes amid inflation fears and boosts investor confidence,negative
706,Rupee weakens against dollar and creates uncertainty in market,positive
707,Stocks fall due to recession concerns and creates uncertainty in market,negative
708,Gold falls due to strong dollar and boosts investor confidence,positive
709,Dollar strengthens amid economic data and boosts investor confidence,neutral
710,Forex market sees high volatility and leads to bearish sentiment,negative
711,Oil prices remain stable in trading session and drives bullish momentum,positive
712,Dollar strengthens amid economic data and boosts investor confidence,neutral
713,Stock market crashes amid inflation fears and drives bullish momentum,positive
714,Forex market sees high volatility and impacts global trade outlook,neutral
715,Oil demand weakens in global markets and drives bullish momentum,positive
716,Dollar strengthens amid economic data and boosts investor confidence,neutral
717,Dollar strengthens amid economic data and creates uncertainty in market,neutral
718,Dollar strengthens amid economic data and boosts investor confidence,neutral
719,Bank shares fall due to regulatory concerns and leads to bearish sentiment,negative
720,Gold falls due to strong dollar and boosts investor confidence,positive
721,Gold demand increases amid global uncertainty and drives bullish momentum,positive
722,Dollar strengthens amid economic data and creates uncertainty in market,neutral
723,Rupee weakens against dollar and leads to bearish sentiment,positive
724,Stock market crashes amid inflation fears and impacts global trade outlook,negative
725,Banking stocks surge after profit growth and impacts global trade outlook,positive
726,Gold demand increases amid global uncertainty and creates uncertainty in market,neutral
727,Banking stocks surge after profit growth and impacts global trade outlook,positive
728,Forex market sees high volatility and drives bullish momentum,positive
729,Rupee weakens against dollar and drives bullish momentum,positive
730,Gold falls due to strong dollar and drives bullish momentum,positive
731,Forex market sees high volatility and creates uncertainty in market,neutral
732,Oil prices remain stable in trading session and creates uncertainty in market,neutral
733,Dollar strengthens amid economic data and impacts global trade outlook,neutral
734,Equity markets rally on strong earnings and impacts global trade outlook,positive
735,Stock market crashes amid inflation fears and creates uncertainty in market,negative
736,Rupee weakens against dollar and drives bullish momentum,positive
737,Crude oil prices surge due to supply disruption and leads to bearish sentiment,positive
738,Crude oil prices surge due to supply disruption and leads to bearish sentiment,positive
739,Stocks fall due to recession concerns and boosts investor confidence,negative
740,Stock market crashes amid inflation fears and drives bullish momentum,positive
741,Rupee weakens against dollar and drives bullish momentum,positive
742,Gold demand increases amid global uncertainty and creates uncertainty in market,neutral
743,Oil prices remain stable in trading session and drives bullish momentum,positive
744,Gold falls due to strong dollar and drives bullish momentum,positive
745,Oil prices remain stable in trading session and boosts investor confidence,neutral
746,Oil demand weakens in global markets and boosts investor confidence,negative
747,Crude oil prices surge due to supply disruption and leads to bearish sentiment,positive
748,Rupee weakens against dollar and drives bullish momentum,positive
749,Gold prices rise as investors seek safety and leads to bearish sentiment,positive
750,Rupee weakens against dollar and drives bullish momentum,positive
751,Bank shares fall due to regulatory concerns and leads to bearish sentiment,negative
752,Forex market sees high volatility and boosts investor confidence,neutral
753,Stocks fall due to recession concerns and drives bullish momentum,positive
754,Gold demand increases amid global uncertainty and drives bullish momentum,positive
755,Equity markets rally on strong earnings and drives bullish momentum,positive
756,Bank shares fall due to regulatory concerns and leads to bearish sentiment,negative
757,Gold demand increases amid global uncertainty and leads to bearish sentiment,negative
758,Gold demand increases amid global uncertainty and creates uncertainty in market,neutral
759,Private banks report strong quarterly results and impacts global trade outlook,positive
760,Banking stocks surge after profit growth and drives bullish momentum,positive
761,Dollar strengthens amid economic data and leads to bearish sentiment,negative
762,Gold demand increases amid global uncertainty and creates uncertainty in market,neutral
763,Gold prices rise as investors seek safety and creates uncertainty in market,positive
764,Rupee weakens against dollar and boosts investor confidence,positive
765,Oil demand weakens in global markets and impacts global trade outlook,negative
766,Gold demand increases amid global uncertainty and impacts global trade outlook,neutral
767,Crude oil prices surge due to supply disruption and creates uncertainty in market,positive
768,Gold demand increases amid global uncertainty and leads to bearish sentiment,negative
769,Gold falls due to strong dollar and leads to bearish sentiment,positive
770,Dollar strengthens amid economic data and creates uncertainty in market,neutral
771,Oil demand weakens in global markets and leads to bearish sentiment,negative
772,Stock market crashes amid inflation fears and impacts global trade outlook,negative
773,Private banks report strong quarterly results and boosts investor confidence,positive
774,Stock market crashes amid inflation fears and drives bullish momentum,positive
775,Dollar strengthens amid economic data and boosts investor confidence,neutral
776,Oil prices remain stable in trading session and leads to bearish sentiment,negative
777,Forex market sees high volatility and boosts investor confidence,neutral
778,Equity markets rally on strong earnings and boosts investor confidence,positive
779,Oil demand weakens in global markets and drives bullish momentum,positive
780,Crude oil prices surge due to supply disruption and leads to bearish sentiment,positive
781,Private banks report strong quarterly results and creates uncertainty in market,positive
782,Bank shares fall due to regulatory concerns and drives bullish momentum,positive
783,Stocks fall due to recession concerns and leads to bearish sentiment,negative
784,Dollar strengthens amid economic data and drives bullish momentum,positive
785,Oil demand weakens in global markets and leads to bearish sentiment,negative
786,Dollar strengthens amid economic data and drives bullish momentum,positive
787,Dollar strengthens amid economic data and drives bullish momentum,positive
788,Rupee weakens against dollar and impacts global trade outlook,positive
789,Stocks fall due to recession concerns and boosts investor confidence,negative
790,Crude oil prices surge due to supply disruption and creates uncertainty in market,positive
791,Private banks report strong quarterly results and leads to bearish sentiment,positive
792,Stocks fall due to recession concerns and boosts investor confidence,negative
793,Gold prices rise as investors seek safety and impacts global trade outlook,positive
794,Dollar strengthens amid economic data and impacts global trade outlook,neutral
795,Equity markets rally on strong earnings and impacts global trade outlook,positive
796,Private banks report strong quarterly results and boosts investor confidence,positive
797,Private banks report strong quarterly results and boosts investor confidence,positive
798,Bank shares fall due to regulatory concerns and leads to bearish sentiment,negative
799,Gold demand increases amid global uncertainty and boosts investor confidence,neutral
800,Gold demand increases amid global uncertainty and drives bullish momentum,positive
801,Oil demand weakens in global markets and leads to bearish sentiment,negative
802,Stocks fall due to recession concerns and boosts investor confidence,negative
803,Bank shares fall due to regulatory concerns and leads to bearish sentiment,negative
804,Banking stocks surge after profit growth and boosts investor confidence,positive
805,Oil demand weakens in global markets and impacts global trade outlook,negative
806,Gold demand increases amid global uncertainty and creates uncertainty in market,neutral
807,Rupee weakens against dollar and impacts global trade outlook,positive
808,Banking stocks surge after profit growth and leads to bearish sentiment,positive
809,Rupee weakens against dollar and boosts investor confidence,positive
810,Private banks report strong quarterly results and boosts investor confidence,positive
811,Banking stocks surge after profit growth and creates uncertainty in market,positive
812,Equity markets rally on strong earnings and drives bullish momentum,positive
813,Dollar strengthens amid economic data and impacts global trade outlook,neutral
814,Gold prices rise as investors seek safety and leads to bearish sentiment,positive
815,Gold demand increases amid global uncertainty and boosts investor confidence,neutral
816,Oil prices remain stable in trading session and creates uncertainty in market,neutral
817,Gold prices rise as investors seek safety and drives bullish momentum,positive
818,Forex market sees high volatility and creates uncertainty in market,neutral
819,Gold demand increases amid global uncertainty and impacts global trade outlook,neutral
820,Forex market sees high volatility and leads to bearish sentiment,negative
821,Forex market sees high volatility and impacts global trade outlook,neutral
822,Oil prices remain stable in trading session and impacts global trade outlook,neutral
823,Gold falls due to strong dollar and impacts global trade outlook,positive
824,Oil prices remain stable in trading session and leads to bearish sentiment,negative
825,Gold falls due to strong dollar and leads to bearish sentiment,positive
826,Oil demand weakens in global markets and boosts investor confidence,negative
827,Crude oil prices surge due to supply disruption and leads to bearish sentiment,positive
828,Dollar strengthens amid economic data and impacts global trade outlook,neutral
829,Gold demand increases amid global uncertainty and impacts global trade outlook,neutral
830,Gold demand increases amid global uncertainty and boosts investor confidence,neutral
831,Dollar strengthens amid economic data and creates uncertainty in market,neutral
832,Crude oil prices surge due to supply disruption and boosts investor confidence,positive
833,Oil prices remain stable in trading session and leads to bearish sentiment,negative
834,Crude oil prices surge due to supply disruption and creates uncertainty in market,positive
835,Oil prices remain stable in trading session and creates uncertainty in market,neutral
836,Stock market crashes amid inflation fears and creates uncertainty in market,negative
837,Gold falls due to strong dollar and boosts investor confidence,positive
838,Oil prices remain stable in trading session and impacts global trade outlook,neutral
839,Stock market crashes amid inflation fears and drives bullish momentum,positive
840,Stocks fall due to recession concerns and boosts investor confidence,negative
841,Banking stocks surge after profit growth and impacts global trade outlook,positive
842,Dollar strengthens amid economic data and leads to bearish sentiment,negative
843,Stocks fall due to recession concerns and boosts investor confidence,negative
844,Stock market crashes amid inflation fears and impacts global trade outlook,negative
845,Gold demand increases amid global uncertainty and boosts investor confidence,neutral
846,Equity markets rally on strong earnings and impacts global trade outlook,positive
847,Gold demand increases amid global uncertainty and boosts investor confidence,neutral
848,Stocks fall due to recession concerns and creates uncertainty in market,negative
849,Oil demand weakens in global markets and drives bullish momentum,positive
850,Private banks report strong quarterly results and boosts investor confidence,positive
851,Forex market sees high volatility and leads to bearish sentiment,negative
852,Bank shares fall due to regulatory concerns and creates uncertainty in market,negative
853,Equity markets rally on strong earnings and leads to bearish sentiment,positive
854,Forex market sees high volatility and leads to bearish sentiment,negative
855,Stocks fall due to recession concerns and creates uncertainty in market,negative
856,Dollar strengthens amid economic data and impacts global trade outlook,neutral
857,Crude oil prices surge due to supply disruption and boosts investor confidence,positive
858,Crude oil prices surge due to supply disruption and boosts investor confidence,positive
859,Crude oil prices surge due to supply disruption and boosts investor confidence,positive
860,Crude oil prices surge due to supply disruption and creates uncertainty in market,positive
861,Oil prices remain stable in trading session and creates uncertainty in market,neutral
862,Gold falls due to strong dollar and leads to bearish sentiment,positive
863,Stocks fall due to recession concerns and leads to bearish sentiment,negative
864,Rupee weakens against dollar and creates uncertainty in market,positive
865,Gold prices rise as investors seek safety and boosts investor confidence,positive
866,Dollar strengthens amid economic data and impacts global trade outlook,neutral
867,Oil prices remain stable in trading session and boosts investor confidence,neutral
868,Gold prices rise as investors seek safety and drives bullish momentum,positive
869,Oil demand weakens in global markets and creates uncertainty in market,negative
870,Equity markets rally on strong earnings and leads to bearish sentiment,positive
871,Equity markets rally on strong earnings and creates uncertainty in market,positive
872,Equity markets rally on strong earnings and boosts investor confidence,positive
873,Gold falls due to strong dollar and leads to bearish sentiment,positive
874,Bank shares fall due to regulatory concerns and leads to bearish sentiment,negative
875,Private banks report strong quarterly results and creates uncertainty in market,positive
876,Rupee weakens against dollar and leads to bearish sentiment,positive
877,Gold falls due to strong dollar and drives bullish momentum,positive
878,Gold prices rise as investors seek safety and boosts investor confidence,positive
879,Rupee weakens against dollar and leads to bearish sentiment,positive
880,Banking stocks surge after profit growth and impacts global trade outlook,positive
881,Crude oil prices surge due to supply disruption and boosts investor confidence,positive
882,Gold prices rise as investors seek safety and boosts investor confidence,positive
883,Gold demand increases amid global uncertainty and drives bullish momentum,positive
884,Gold falls due to strong dollar and boosts investor confidence,positive
885,Oil demand weakens in global markets and leads to bearish sentiment,negative
886,Rupee weakens against dollar and leads to bearish sentiment,positive
887,Oil prices remain stable in trading session and impacts global trade outlook,neutral
888,Stocks fall due to recession concerns and creates uncertainty in market,negative
889,Stocks fall due to recession concerns and leads to bearish sentiment,negative
890,Rupee weakens against dollar and impacts global trade outlook,positive
891,Crude oil prices surge due to supply disruption and leads to bearish sentiment,positive
892,Gold falls due to strong dollar and boosts investor confidence,positive
893,Dollar strengthens amid economic data and drives bullish momentum,positive
894,Crude oil prices surge due to supply disruption and impacts global trade outlook,positive
895,Stock market crashes amid inflation fears and impacts global trade outlook,negative
896,Stocks fall due to recession concerns and creates uncertainty in market,negative
897,Gold prices rise as investors seek safety and drives bullish momentum,positive
898,Private banks report strong quarterly results and drives bullish momentum,positive
899,Forex market sees high volatility and creates uncertainty in market,neutral
900,Gold falls due to strong dollar and boosts investor confidence,positive
901,Crude oil prices surge due to supply disruption and creates uncertainty in market,positive
902,Crude oil prices surge due to supply disruption and leads to bearish sentiment,positive
903,Stock market crashes amid inflation fears and leads to bearish sentiment,negative
904,Gold falls due to strong dollar and leads to bearish sentiment,positive
905,Crude oil prices surge due to supply disruption and leads to bearish sentiment,positive
906,Gold prices rise as investors seek safety and impacts global trade outlook,positive
907,Banking stocks surge after profit growth and creates uncertainty in market,positive
908,Gold demand increases amid global uncertainty and drives bullish momentum,positive
909,Forex market sees high volatility and leads to bearish sentiment,negative
910,Bank shares fall due to regulatory concerns and leads to bearish sentiment,negative
911,Stocks fall due to recession concerns and creates uncertainty in market,negative
912,Equity markets rally on strong earnings and impacts global trade outlook,positive
913,Forex market sees high volatility and creates uncertainty in market,neutral
914,Bank shares fall due to regulatory concerns and leads to bearish sentiment,negative
915,Forex market sees high volatility and impacts global trade outlook,neutral
916,Stocks fall due to recession concerns and creates uncertainty in market,negative
917,Stocks fall due to recession concerns and drives bullish momentum,positive
918,Equity markets rally on strong earnings and leads to bearish sentiment,positive
919,Equity markets rally on strong earnings and impacts global trade outlook,positive
920,Stocks fall due to recession concerns and creates uncertainty in market,negative
921,Oil demand weakens in global markets and leads to bearish sentiment,negative
922,Stock market crashes amid inflation fears and boosts investor confidence,negative
923,Bank shares fall due to regulatory concerns and impacts global trade outlook,negative
924,Gold falls due to strong dollar and drives bullish momentum,positive
925,Crude oil prices surge due to supply disruption and impacts global trade outlook,positive
926,Dollar strengthens amid economic data and creates uncertainty in market,neutral
927,Stocks fall due to recession concerns and leads to bearish sentiment,negative
928,Oil demand weakens in global markets and creates uncertainty in market,negative
929,Stock market crashes amid inflation fears and drives bullish momentum,positive
930,Stocks fall due to recession concerns and drives bullish momentum,positive
931,Dollar strengthens amid economic data and boosts investor confidence,neutral
932,Bank shares fall due to regulatory concerns and impacts global trade outlook,negative
933,Gold falls due to strong dollar and creates uncertainty in market,positive
934,Gold demand increases amid global uncertainty and drives bullish momentum,positive
935,Stocks fall due to recession concerns and impacts global trade outlook,negative
936,Equity markets rally on strong earnings and leads to bearish sentiment,positive
937,Bank shares fall due to regulatory concerns and impacts global trade outlook,negative
938,Gold prices rise as investors seek safety and creates uncertainty in market,positive
939,Gold demand increases amid global uncertainty and drives bullish momentum,positive
940,Bank shares fall due to regulatory concerns and boosts investor confidence,negative
941,Bank shares fall due to regulatory concerns and leads to bearish sentiment,negative
942,Private banks report strong quarterly results and drives bullish momentum,positive
943,Rupee weakens against dollar and creates uncertainty in market,positive
944,Stocks fall due to recession concerns and leads to bearish sentiment,negative
945,Bank shares fall due to regulatory concerns and drives bullish momentum,positive
946,Crude oil prices surge due to supply disruption and impacts global trade outlook,positive
947,Banking stocks surge after profit growth and leads to bearish sentiment,positive
948,Private banks report strong quarterly results and drives bullish momentum,positive
949,Dollar strengthens amid economic data and boosts investor confidence,neutral
950,Stocks fall due to recession concerns and drives bullish momentum,positive
951,Bank shares fall due to regulatory concerns and creates uncertainty in market,negative
952,Stock market crashes amid inflation fears and drives bullish momentum,positive
953,Oil prices remain stable in trading session and boosts investor confidence,neutral
954,Gold demand increases amid global uncertainty and drives bullish momentum,positive
955,Oil prices remain stable in trading session and drives bullish momentum,positive
956,Bank shares fall due to regulatory concerns and leads to bearish sentiment,negative
957,Stocks fall due to recession concerns and leads to bearish sentiment,negative
958,Gold prices rise as investors seek safety and leads to bearish sentiment,positive
959,Equity markets rally on strong earnings and boosts investor confidence,positive
960,Rupee weakens against dollar and boosts investor confidence,positive
961,Crude oil prices surge due to supply disruption and leads to bearish sentiment,positive
962,Oil prices remain stable in trading session and boosts investor confidence,neutral
963,Oil prices remain stable in trading session and drives bullish momentum,positive
964,Banking stocks surge after profit growth and impacts global trade outlook,positive
965,Dollar strengthens amid economic data and drives bullish momentum,positive
966,Dollar strengthens amid economic data and boosts investor confidence,neutral
967,Gold prices rise as investors seek safety and boosts investor confidence,positive
968,Forex market sees high volatility and impacts global trade outlook,neutral
969,Bank shares fall due to regulatory concerns and impacts global trade outlook,negative
970,Oil demand weakens in global markets and boosts investor confidence,negative
971,Banking stocks surge after profit growth and leads to bearish sentiment,positive
972,Gold demand increases amid global uncertainty and boosts investor confidence,neutral
973,Dollar strengthens amid economic data and impacts global trade outlook,neutral
974,Banking stocks surge after profit growth and impacts global trade outlook,positive
975,Oil demand weakens in global markets and impacts global trade outlook,negative
976,Gold falls due to strong dollar and creates uncertainty in market,positive
977,Forex market sees high volatility and creates uncertainty in market,neutral
978,Equity markets rally on strong earnings and drives bullish momentum,positive
979,Rupee weakens against dollar and leads to bearish sentiment,positive
980,Oil prices remain stable in trading session and boosts investor confidence,neutral
981,Bank shares fall due to regulatory concerns and impacts global trade outlook,negative
982,Dollar strengthens amid economic data and boosts investor confidence,neutral
983,Gold demand increases amid global uncertainty and boosts investor confidence,neutral
984,Crude oil prices surge due to supply disruption and leads to bearish sentiment,positive
985,Stocks fall due to recession concerns and leads to bearish sentiment,negative
986,Stock market crashes amid inflation fears and creates uncertainty in market,negative
987,Stock market crashes amid inflation fears and impacts global trade outlook,negative
988,Forex market sees high volatility and impacts global trade outlook,neutral
989,Forex market sees high volatility and impacts global trade outlook,neutral
990,Gold prices rise as investors seek safety and impacts global trade outlook,positive
991,Equity markets rally on strong earnings and impacts global trade outlook,positive
992,Banking stocks surge after profit growth and leads to bearish sentiment,positive
993,Equity markets rally on strong earnings and leads to bearish sentiment,positive
994,Stocks fall due to recession concerns and drives bullish momentum,positive
995,Rupee weakens against dollar and drives bullish momentum,positive
996,Banking stocks surge after profit growth and creates uncertainty in market,positive
997,Gold demand increases amid global uncertainty and creates uncertainty in market,neutral
998,Gold demand increases amid global uncertainty and impacts global trade outlook,neutral
999,Crude oil prices surge due to supply disruption and creates uncertainty in market,positive
1000,Bank shares fall due to regulatory concerns and creates uncertainty in market,negative
